tenure,MonthlyCharges,TotalCharges,SeniorCitizen,gender_Female,gender_Male,Partner_No,Partner_Yes,Dependents_No,Dependents_Yes,PhoneService_No,PhoneService_Yes,PaperlessBilling_No,PaperlessBilling_Yes,MultipleLines_No,MultipleLines_No phone service,MultipleLines_Yes,InternetService_DSL,InternetService_Fiber optic,InternetService_No,OnlineSecurity_No,OnlineSecurity_No internet service,OnlineSecurity_Yes,OnlineBackup_No,OnlineBackup_No internet service,OnlineBackup_Yes,DeviceProtection_No,DeviceProtection_No internet service,DeviceProtection_Yes,TechSupport_No,TechSupport_No internet service,TechSupport_Yes,StreamingTV_No,StreamingTV_No internet service,StreamingTV_Yes,StreamingMovies_No,StreamingMovies_No internet service,StreamingMovies_Yes,Contract_Month-to-month,Contract_One year,Contract_Two year,PaymentMethod_Bank transfer,PaymentMethod_Credit card,PaymentMethod_Electronic check,PaymentMethod_Mailed check,Churn
67,106.42,7130.14,0,0,1,1,0,1,0,0,1,0,1,0,1,0,0,1,0,0,1,0,0,0,1,0,0,1,0,1,0,0,0,1,0,1,0,0,1,0,0,1,0,0,0
62,81.41,5047.42,0,1,0,1,0,0,1,0,1,1,0,1,0,0,0,1,0,0,1,0,1,0,0,1,0,0,0,0,1,1,0,0,0,1,0,1,0,0,0,0,0,1,0
25,48.51,1212.75,0,1,0,0,1,0,1,1,0,0,1,0,1,0,0,0,1,0,1,0,0,0,1,0,1,0,1,0,0,1,0,0,0,1,0,1,0,0,0,0,1,0,1
44,79.61,3502.84,1,1,0,0,1,0,1,1,0,0,1,0,0,1,1,0,0,0,0,1,0,0,1,0,0,1,0,0,1,1,0,0,1,0,0,0,0,1,0,0,0,1,1
15,89.15,1337.25,1,0,1,1,0,1,0,1,0,1,0,0,1,0,0,1,0,0,1,0,0,0,1,0,0,1,1,0,0,0,0,1,1,0,0,0,0,1,0,0,1,0,1
54,50.71,2738.34,1,1,0,1,0,1,0,0,1,0,1,0,0,1,0,0,1,1,0,0,0,1,0,0,1,0,1,0,0,0,0,1,0,1,0,0,1,0,0,0,1,0,0
39,83.51,3256.89,0,1,0,1,0,1,0,0,1,1,0,0,1,0,0,0,1,1,0,0,1,0,0,0,1,0,1,0,0,0,1,0,1,0,0,1,0,0,0,0,1,0,0
50,81.71,4085.5,1,0,1,1,0,1,0,1,0,0,1,0,1,0,0,0,1,0,1,0,0,0,1,1,0,0,0,0,1,1,0,0,0,1,0,1,0,0,1,0,0,0,1
21,78.08,1639.68,1,1,0,1,0,1,0,0,1,1,0,0,0,1,1,0,0,1,0,0,1,0,0,0,1,0,1,0,0,1,0,0,0,0,1,0,0,1,0,1,0,0,1
37,26.65,986.05,1,0,1,1,0,1,0,1,0,0,1,0,0,1,1,0,0,1,0,0,0,0,1,1,0,0,0,1,0,1,0,0,1,0,0,1,0,0,0,0,1,0,0
7,57.39,401.73,1,0,1,0,1,0,1,1,0,0,1,1,0,0,0,0,1,0,1,0,1,0,0,0,0,1,1,0,0,0,0,1,0,1,0,1,0,0,0,0,0,1,0
53,84.78,4493.34,1,0,1,1,0,1,0,0,1,0,1,1,0,0,1,0,0,0,0,1,0,0,1,0,1,0,1,0,0,0,1,0,1,0,0,0,1,0,0,0,1,0,0
49,91.89,4502.61,0,0,1,1,0,0,1,0,1,1,0,1,0,0,0,0,1,0,1,0,0,1,0,0,1,0,0,0,1,0,0,1,0,0,1,0,0,1,0,1,0,0,0
38,50.53,1920.14,1,0,1,1,0,1,0,1,0,1,0,0,1,0,0,1,0,0,0,1,0,0,1,0,1,0,1,0,0,0,0,1,1,0,0,0,0,1,0,0,1,0,0
33,99.03,3267.99,0,1,0,0,1,0,1,1,0,1,0,0,1,0,0,0,1,0,1,0,0,1,0,0,0,1,0,0,1,0,1,0,0,1,0,1,0,0,1,0,0,0,1
1,30.03,30.03,0,1,0,0,1,0,1,1,0,0,1,0,0,1,0,1,0,1,0,0,0,0,1,0,1,0,0,0,1,1,0,0,0,1,0,0,1,0,0,1,0,0,1
62,53.81,3336.22,0,0,1,1,0,1,0,1,0,1,0,0,0,1,1,0,0,0,1,0,0,0,1,1,0,0,0,0,1,1,0,0,1,0,0,1,0,0,1,0,0,0,1
7,57.39,401.73,1,0,1,0,1,0,1,1,0,0,1,1,0,0,0,0,1,0,1,0,1,0,0,0,0,1,1,0,0,0,0,1,0,1,0,1,0,0,0,0,0,1,1
60,60.39,3623.4,1,1,0,1,0,0,1,0,1,0,1,0,0,1,0,0,1,0,0,1,0,0,1,0,0,1,1,0,0,0,0,1,0,1,0,0,0,1,0,1,0,0,1
21,45.58,957.18,1,0,1,0,1,0,1,0,1,0,1,0,1,0,0,0,1,0,1,0,1,0,0,0,0,1,0,0,1,0,1,0,1,0,0,0,1,0,0,0,1,0,1
70,43.21,3024.7,0,1,0,0,1,1,0,0,1,0,1,0,1,0,0,0,1,0,1,0,0,0,1,0,0,1,0,1,0,0,1,0,0,0,1,1,0,0,0,0,1,0,0
1,30.03,30.03,0,1,0,0,1,0,1,1,0,0,1,0,0,1,0,1,0,1,0,0,0,0,1,0,1,0,0,0,1,1,0,0,0,1,0,0,1,0,0,1,0,0,0
6,42.52,255.12,0,1,0,1,0,0,1,1,0,0,1,1,0,0,0,1,0,0,0,1,0,0,1,0,1,0,0,1,0,1,0,0,0,0,1,1,0,0,0,0,1,0,1
18,19.25,346.5,0,0,1,0,1,1,0,0,1,1,0,0,1,0,0,0,1,0,0,1,0,0,1,0,1,0,0,0,1,1,0,0,0,1,0,0,0,1,0,0,1,0,0
5,40.6,203.0,0,0,1,0,1,1,0,0,1,0,1,0,1,0,1,0,0,0,1,0,0,0,1,0,1,0,0,1,0,1,0,0,0,0,1,0,0,1,0,1,0,0,0
47,18.45,867.15,1,1,0,0,1,0,1,0,1,0,1,0,1,0,0,0,1,1,0,0,0,0,1,0,1,0,1,0,0,0,0,1,1,0,0,0,0,1,0,0,1,0,0
46,98.27,4520.42,1,0,1,1,0,1,0,1,0,1,0,0,1,0,1,0,0,0,0,1,0,1,0,1,0,0,0,1,0,1,0,0,1,0,0,0,0,1,0,0,1,0,0
31,51.09,1583.79,1,0,1,1,0,1,0,1,0,0,1,1,0,0,1,0,0,0,0,1,1,0,0,0,0,1,0,1,0,0,1,0,0,0,1,1,0,0,0,1,0,0,0
54,50.71,2738.34,1,1,0,1,0,1,0,0,1,0,1,0,0,1,0,0,1,1,0,0,0,1,0,0,1,0,1,0,0,0,0,1,0,1,0,0,1,0,0,0,1,0,1
64,83.41,5338.24,1,0,1,1,0,1,0,0,1,1,0,0,0,1,1,0,0,0,1,0,0,1,0,0,1,0,1,0,0,0,1,0,0,1,0,0,0,1,0,0,0,1,1
63,63.61,4007.43,0,0,1,1,0,0,1,0,1,0,1,0,0,1,0,0,1,0,1,0,0,1,0,0,0,1,0,1,0,1,0,0,0,0,1,0,0,1,0,0,1,0,1
66,86.28,5694.48,0,1,0,1,0,1,0,0,1,0,1,1,0,0,0,1,0,1,0,0,0,0,1,1,0,0,1,0,0,1,0,0,0,1,0,0,1,0,0,1,0,0,1
15,40.23,603.45,1,1,0,0,1,0,1,0,1,1,0,0,0,1,1,0,0,0,0,1,1,0,0,1,0,0,0,0,1,0,1,0,1,0,0,0,1,0,0,0,0,1,0
10,90.89,908.9,1,1,0,0,1,1,0,1,0,1,0,1,0,0,0,1,0,0,1,0,0,1,0,0,1,0,1,0,0,1,0,0,1,0,0,1,0,0,0,1,0,0,1
29,95.92,2781.68,1,1,0,1,0,0,1,0,1,0,1,0,0,1,0,1,0,1,0,0,1,0,0,0,0,1,0,0,1,0,0,1,0,0,1,1,0,0,0,0,0,1,1
72,39.85,2869.2,0,1,0,0,1,1,0,1,0,1,0,0,1,0,0,0,1,1,0,0,1,0,0,1,0,0,0,1,0,0,1,0,0,0,1,0,1,0,0,0,1,0,1
33,99.03,3267.99,0,1,0,0,1,0,1,1,0,1,0,0,1,0,0,0,1,0,1,0,0,1,0,0,0,1,0,0,1,0,1,0,0,1,0,1,0,0,1,0,0,0,0
23,70.43,1619.89,1,1,0,1,0,0,1,1,0,1,0,1,0,0,1,0,0,0,0,1,1,0,0,1,0,0,0,0,1,0,0,1,0,0,1,1,0,0,0,0,1,0,0
69,37.85,2611.65,1,0,1,0,1,1,0,0,1,1,0,0,0,1,0,1,0,0,0,1,0,0,1,0,1,0,0,1,0,0,0,1,0,0,1,1,0,0,0,1,0,0,0
34,28.84,980.56,1,0,1,1,0,0,1,1,0,1,0,1,0,0,0,0,1,0,0,1,0,1,0,0,1,0,1,0,0,1,0,0,1,0,0,1,0,0,0,0,1,0,1
18,111.42,2005.56,1,1,0,0,1,1,0,0,1,0,1,0,1,0,0,1,0,0,1,0,1,0,0,0,0,1,1,0,0,1,0,0,0,0,1,0,1,0,0,1,0,0,0
50,81.71,4085.5,1,0,1,1,0,1,0,1,0,0,1,0,1,0,0,0,1,0,1,0,0,0,1,1,0,0,0,0,1,1,0,0,0,1,0,1,0,0,1,0,0,0,0
26,36.26,942.76,0,0,1,0,1,0,1,0,1,1,0,0,1,0,0,1,0,0,1,0,0,0,1,0,1,0,1,0,0,1,0,0,1,0,0,1,0,0,0,0,1,0,0
5,27.43,137.15,0,0,1,0,1,0,1,1,0,0,1,0,0,1,0,0,1,1,0,0,0,0,1,1,0,0,1,0,0,1,0,0,0,1,0,1,0,0,0,1,0,0,1
3,114.01,342.03,0,1,0,1,0,1,0,1,0,1,0,1,0,0,0,0,1,1,0,0,0,0,1,1,0,0,0,0,1,0,1,0,1,0,0,1,0,0,0,0,0,1,0
1,90.48,90.48,1,1,0,0,1,0,1,1,0,0,1,1,0,0,0,1,0,1,0,0,0,0,1,0,1,0,1,0,0,1,0,0,1,0,0,1,0,0,0,0,1,0,0
49,22.31,1093.19,0,1,0,1,0,1,0,0,1,0,1,0,1,0,1,0,0,0,1,0,1,0,0,0,0,1,0,1,0,0,0,1,0,0,1,1,0,0,0,0,0,1,1
38,50.53,1920.14,1,0,1,1,0,1,0,1,0,1,0,0,1,0,0,1,0,0,0,1,0,0,1,0,1,0,1,0,0,0,0,1,1,0,0,0,0,1,0,0,1,0,1
25,61.7,1542.5,0,0,1,0,1,0,1,0,1,0,1,1,0,0,1,0,0,1,0,0,1,0,0,1,0,0,0,1,0,0,0,1,0,0,1,1,0,0,0,0,1,0,1
38,88.24,3353.12,0,1,0,0,1,0,1,0,1,0,1,0,0,1,1,0,0,1,0,0,0,0,1,0,1,0,1,0,0,0,0,1,1,0,0,0,0,1,0,0,0,1,1
66,28.56,1884.96,1,0,1,1,0,1,0,1,0,0,1,0,0,1,0,1,0,0,0,1,1,0,0,0,1,0,0,0,1,0,0,1,1,0,0,1,0,0,1,0,0,0,0
60,105.74,6344.4,1,0,1,0,1,1,0,1,0,1,0,1,0,0,0,1,0,0,1,0,0,1,0,0,0,1,0,1,0,1,0,0,0,1,0,0,1,0,1,0,0,0,0
54,44.79,2418.66,0,1,0,0,1,0,1,0,1,0,1,0,0,1,0,1,0,0,0,1,1,0,0,0,0,1,0,1,0,1,0,0,1,0,0,1,0,0,0,1,0,0,1
70,43.21,3024.7,0,1,0,0,1,1,0,0,1,0,1,0,1,0,0,0,1,0,1,0,0,0,1,0,0,1,0,1,0,0,1,0,0,0,1,1,0,0,0,0,1,0,0
5,24.93,124.65,1,1,0,1,0,1,0,0,1,0,1,1,0,0,0,0,1,1,0,0,0,1,0,0,1,0,1,0,0,0,0,1,0,0,1,0,0,1,1,0,0,0,0
38,34.47,1309.86,1,1,0,1,0,1,0,1,0,1,0,0,0,1,1,0,0,0,1,0,0,1,0,0,1,0,1,0,0,1,0,0,0,0,1,1,0,0,0,0,0,1,0
42,24.94,1047.48,0,1,0,1,0,0,1,0,1,1,0,1,0,0,0,0,1,1,0,0,1,0,0,1,0,0,1,0,0,1,0,0,1,0,0,0,1,0,0,0,0,1,0
69,37.85,2611.65,1,0,1,0,1,1,0,0,1,1,0,0,0,1,0,1,0,0,0,1,0,0,1,0,1,0,0,1,0,0,0,1,0,0,1,1,0,0,0,1,0,0,1
42,24.94,1047.48,0,1,0,1,0,0,1,0,1,1,0,1,0,0,0,0,1,1,0,0,1,0,0,1,0,0,1,0,0,1,0,0,1,0,0,0,1,0,0,0,0,1,0
34,106.61,3624.74,0,1,0,1,0,0,1,1,0,0,1,0,1,0,1,0,0,0,1,0,1,0,0,0,0,1,0,1,0,1,0,0,0,1,0,0,0,1,0,0,0,1,0
47,107.61,5057.67,1,1,0,1,0,1,0,1,0,1,0,1,0,0,1,0,0,1,0,0,0,0,1,1,0,0,0,0,1,1,0,0,0,0,1,0,0,1,1,0,0,0,1
57,94.72,5399.04,0,0,1,1,0,1,0,0,1,0,1,1,0,0,0,1,0,1,0,0,1,0,0,0,1,0,0,1,0,0,1,0,0,0,1,0,0,1,0,1,0,0,1
38,89.48,3400.24,1,0,1,0,1,0,1,1,0,1,0,0,1,0,0,1,0,0,1,0,0,0,1,0,1,0,0,0,1,0,0,1,0,0,1,0,0,1,1,0,0,0,1
14,55.55,777.7,0,1,0,1,0,1,0,1,0,1,0,0,1,0,0,0,1,1,0,0,0,1,0,0,0,1,1,0,0,1,0,0,0,0,1,0,0,1,1,0,0,0,0
8,92.91,743.28,1,1,0,1,0,0,1,1,0,1,0,0,0,1,1,0,0,1,0,0,0,1,0,1,0,0,0,0,1,1,0,0,0,0,1,0,0,1,0,0,1,0,0
25,47.63,1190.75,0,1,0,0,1,0,1,0,1,0,1,0,1,0,0,0,1,0,1,0,1,0,0,1,0,0,1,0,0,1,0,0,0,0,1,1,0,0,1,0,0,0,1
10,90.89,908.9,1,1,0,0,1,1,0,1,0,1,0,1,0,0,0,1,0,0,1,0,0,1,0,0,1,0,1,0,0,1,0,0,1,0,0,1,0,0,0,1,0,0,1
17,24.68,419.56,0,1,0,1,0,0,1,1,0,0,1,0,1,0,0,0,1,1,0,0,0,1,0,0,0,1,1,0,0,0,0,1,0,0,1,1,0,0,0,0,1,0,0
3,34.91,104.73,1,0,1,1,0,0,1,0,1,0,1,1,0,0,1,0,0,0,0,1,0,0,1,1,0,0,1,0,0,0,0,1,0,1,0,0,1,0,0,1,0,0,0
21,78.08,1639.68,1,1,0,1,0,1,0,0,1,1,0,0,0,1,1,0,0,1,0,0,1,0,0,0,1,0,1,0,0,1,0,0,0,0,1,0,0,1,0,1,0,0,0
10,28.84,288.4,0,1,0,1,0,1,0,1,0,0,1,0,0,1,1,0,0,0,0,1,0,1,0,0,1,0,0,0,1,1,0,0,0,1,0,0,1,0,0,0,0,1,1
13,33.98,441.74,0,1,0,0,1,1,0,1,0,1,0,1,0,0,0,1,0,0,1,0,0,1,0,0,1,0,0,1,0,0,1,0,1,0,0,1,0,0,0,0,0,1,0
25,107.51,2687.75,1,1,0,0,1,0,1,0,1,0,1,0,0,1,1,0,0,1,0,0,0,0,1,1,0,0,0,1,0,0,1,0,0,0,1,0,0,1,0,0,1,0,1
28,110.79,3102.12,1,1,0,0,1,1,0,1,0,0,1,0,0,1,1,0,0,1,0,0,0,0,1,0,1,0,0,0,1,0,1,0,0,0,1,0,1,0,0,1,0,0,1
17,24.68,419.56,0,1,0,1,0,0,1,1,0,0,1,0,1,0,0,0,1,1,0,0,0,1,0,0,0,1,1,0,0,0,0,1,0,0,1,1,0,0,0,0,1,0,1
37,25.19,932.03,1,0,1,1,0,0,1,0,1,1,0,0,0,1,0,0,1,0,0,1,1,0,0,0,0,1,1,0,0,1,0,0,0,1,0,1,0,0,0,0,1,0,0
68,68.76,4675.68,1,0,1,0,1,0,1,1,0,0,1,0,1,0,0,0,1,0,0,1,0,0,1,0,0,1,0,1,0,1,0,0,0,1,0,0,0,1,1,0,0,0,0
23,63.91,1469.93,0,1,0,0,1,1,0,0,1,0,1,0,1,0,0,0,1,1,0,0,0,0,1,0,1,0,1,0,0,0,1,0,1,0,0,0,0,1,0,1,0,0,0
60,105.74,6344.4,1,0,1,0,1,1,0,1,0,1,0,1,0,0,0,1,0,0,1,0,0,1,0,0,0,1,0,1,0,1,0,0,0,1,0,0,1,0,1,0,0,0,1
5,84.25,421.25,0,0,1,0,1,1,0,1,0,0,1,0,1,0,0,1,0,1,0,0,1,0,0,1,0,0,0,1,0,1,0,0,0,1,0,0,0,1,0,1,0,0,1
27,85.87,2318.49,0,0,1,1,0,1,0,1,0,1,0,0,1,0,0,0,1,0,1,0,1,0,0,0,0,1,0,1,0,1,0,0,0,1,0,1,0,0,0,0,1,0,0
33,107.78,3556.74,1,1,0,0,1,1,0,0,1,1,0,1,0,0,0,0,1,1,0,0,0,0,1,0,1,0,0,0,1,0,1,0,0,0,1,0,1,0,1,0,0,0,0
31,51.09,1583.79,1,0,1,1,0,1,0,1,0,0,1,1,0,0,1,0,0,0,0,1,1,0,0,0,0,1,0,1,0,0,1,0,0,0,1,1,0,0,0,1,0,0,1
44,101.14,4450.16,0,1,0,0,1,0,1,1,0,1,0,0,0,1,0,1,0,1,0,0,0,1,0,1,0,0,0,0,1,0,0,1,1,0,0,0,0,1,0,1,0,0,1
49,35.51,1739.99,0,0,1,0,1,0,1,0,1,0,1,0,0,1,1,0,0,0,1,0,1,0,0,0,0,1,0,1,0,0,0,1,0,1,0,1,0,0,1,0,0,0,1
5,65.91,329.55,1,0,1,1,0,0,1,1,0,0,1,0,1,0,0,1,0,0,0,1,0,1,0,1,0,0,0,1,0,0,1,0,1,0,0,0,1,0,0,0,0,1,0
43,45.48,1955.64,0,1,0,1,0,0,1,0,1,1,0,1,0,0,0,1,0,0,0,1,1,0,0,0,1,0,0,0,1,1,0,0,0,0,1,0,1,0,1,0,0,0,0
45,93.8,4221.0,0,0,1,0,1,1,0,1,0,1,0,1,0,0,0,0,1,0,1,0,0,1,0,0,1,0,1,0,0,0,1,0,0,0,1,0,0,1,0,0,0,1,0
9,60.04,540.36,1,0,1,0,1,0,1,1,0,1,0,0,0,1,1,0,0,0,0,1,0,0,1,1,0,0,0,1,0,1,0,0,0,0,1,0,1,0,0,0,1,0,1
57,104.56,5959.92,0,1,0,1,0,1,0,1,0,1,0,0,0,1,0,1,0,0,0,1,0,1,0,0,1,0,0,1,0,1,0,0,0,1,0,1,0,0,0,1,0,0,1
66,64.91,4284.06,0,1,0,0,1,1,0,0,1,0,1,1,0,0,0,0,1,0,0,1,1,0,0,0,1,0,0,1,0,0,1,0,0,1,0,0,0,1,0,0,0,1,1
26,26.41,686.66,0,1,0,1,0,1,0,1,0,1,0,0,0,1,0,1,0,1,0,0,0,1,0,1,0,0,0,1,0,1,0,0,1,0,0,0,0,1,1,0,0,0,1
8,102.46,819.68,1,1,0,0,1,1,0,0,1,0,1,1,0,0,1,0,0,1,0,0,0,0,1,0,0,1,0,1,0,0,1,0,1,0,0,0,1,0,0,1,0,0,1
38,34.47,1309.86,1,1,0,1,0,1,0,1,0,1,0,0,0,1,1,0,0,0,1,0,0,1,0,0,1,0,1,0,0,1,0,0,0,0,1,1,0,0,0,0,0,1,1
18,111.42,2005.56,1,1,0,0,1,1,0,0,1,0,1,0,1,0,0,1,0,0,1,0,1,0,0,0,0,1,1,0,0,1,0,0,0,0,1,0,1,0,0,1,0,0,0
13,20.5,266.5,1,1,0,0,1,0,1,0,1,1,0,0,0,1,1,0,0,0,1,0,0,1,0,0,0,1,1,0,0,0,1,0,0,0,1,1,0,0,0,0,1,0,0
69,68.51,4727.19,1,0,1,1,0,1,0,1,0,1,0,1,0,0,1,0,0,1,0,0,0,0,1,0,1,0,1,0,0,0,0,1,0,0,1,0,1,0,1,0,0,0,1
63,55.27,3482.01,1,1,0,1,0,1,0,0,1,0,1,1,0,0,0,0,1,0,1,0,1,0,0,1,0,0,0,0,1,0,1,0,0,0,1,0,0,1,0,0,0,1,1
33,29.35,968.55,1,0,1,1,0,1,0,0,1,0,1,1,0,0,1,0,0,0,0,1,0,0,1,1,0,0,0,0,1,0,1,0,1,0,0,1,0,0,1,0,0,0,0
64,61.22,3918.08,0,0,1,1,0,1,0,1,0,0,1,0,0,1,1,0,0,0,0,1,0,0,1,0,0,1,1,0,0,1,0,0,1,0,0,1,0,0,1,0,0,0,0
18,19.25,346.5,0,0,1,0,1,1,0,0,1,1,0,0,1,0,0,0,1,0,0,1,0,0,1,0,1,0,0,0,1,1,0,0,0,1,0,0,0,1,0,0,1,0,0
23,97.8,2249.4,1,1,0,0,1,0,1,0,1,0,1,0,1,0,0,0,1,1,0,0,0,1,0,1,0,0,1,0,0,0,0,1,0,0,1,0,1,0,0,0,1,0,1
22,87.8,1931.6,1,1,0,0,1,0,1,1,0,1,0,1,0,0,0,1,0,1,0,0,0,1,0,1,0,0,1,0,0,0,1,0,1,0,0,1,0,0,0,1,0,0,1
1,31.32,31.32,1,0,1,0,1,0,1,0,1,1,0,0,0,1,0,0,1,0,0,1,0,1,0,0,1,0,0,1,0,0,0,1,0,0,1,0,0,1,0,1,0,0,1
71,59.57,4229.47,0,0,1,1,0,0,1,0,1,1,0,0,0,1,1,0,0,0,1,0,1,0,0,0,0,1,0,0,1,1,0,0,0,0,1,0,0,1,0,0,0,1,0
45,62.39,2807.55,1,1,0,1,0,0,1,0,1,1,0,0,0,1,0,0,1,0,0,1,0,1,0,0,0,1,0,1,0,0,0,1,0,0,1,0,0,1,0,1,0,0,1
1,84.53,84.53,0,0,1,1,0,0,1,1,0,0,1,0,1,0,0,0,1,1,0,0,0,1,0,0,1,0,1,0,0,0,1,0,1,0,0,0,1,0,0,1,0,0,1
2,44.34,88.68,1,1,0,0,1,1,0,0,1,1,0,0,0,1,0,0,1,0,0,1,0,0,1,1,0,0,0,1,0,0,1,0,0,0,1,0,1,0,0,0,0,1,1
52,108.8,5657.6,0,1,0,1,0,1,0,1,0,1,0,0,1,0,1,0,0,1,0,0,0,0,1,1,0,0,0,0,1,0,1,0,0,1,0,0,0,1,1,0,0,0,0
13,57.55,748.15,1,0,1,0,1,0,1,1,0,1,0,0,1,0,0,1,0,1,0,0,0,0,1,1,0,0,0,1,0,0,0,1,0,1,0,1,0,0,1,0,0,0,1
27,35.32,953.64,1,0,1,0,1,1,0,0,1,0,1,0,1,0,0,0,1,1,0,0,0,0,1,0,1,0,0,0,1,0,1,0,0,1,0,0,1,0,1,0,0,0,0
62,59.65,3698.3,1,0,1,1,0,0,1,1,0,0,1,0,0,1,0,1,0,0,0,1,1,0,0,1,0,0,0,1,0,1,0,0,0,1,0,0,0,1,0,0,0,1,1
47,44.85,2107.95,1,0,1,0,1,1,0,1,0,0,1,1,0,0,0,1,0,0,1,0,0,0,1,0,0,1,0,1,0,0,1,0,0,1,0,0,0,1,0,0,1,0,0
36,38.38,1381.68,0,0,1,1,0,0,1,0,1,1,0,1,0,0,1,0,0,0,0,1,0,0,1,1,0,0,0,1,0,1,0,0,1,0,0,1,0,0,0,1,0,0,0
55,55.69,3062.95,1,0,1,1,0,0,1,0,1,1,0,0,0,1,0,0,1,0,0,1,1,0,0,0,0,1,0,0,1,1,0,0,1,0,0,0,1,0,0,1,0,0,0
54,45.34,2448.36,0,0,1,0,1,1,0,0,1,0,1,0,1,0,0,1,0,1,0,0,0,0,1,0,1,0,1,0,0,0,0,1,1,0,0,1,0,0,0,1,0,0,0
47,84.75,3983.25,0,0,1,0,1,1,0,0,1,1,0,0,0,1,1,0,0,0,0,1,0,1,0,0,0,1,1,0,0,0,1,0,1,0,0,0,0,1,1,0,0,0,1
25,104.17,2604.25,1,1,0,0,1,0,1,0,1,1,0,0,0,1,0,1,0,0,1,0,0,1,0,0,1,0,1,0,0,0,1,0,0,0,1,1,0,0,0,0,1,0,1
51,93.46,4766.46,0,1,0,1,0,1,0,1,0,1,0,1,0,0,0,1,0,0,0,1,0,0,1,1,0,0,0,0,1,0,0,1,0,1,0,1,0,0,0,0,1,0,0
20,104.48,2089.6,1,1,0,0,1,1,0,0,1,0,1,1,0,0,0,1,0,0,1,0,1,0,0,0,1,0,0,1,0,0,1,0,1,0,0,0,1,0,1,0,0,0,0
40,90.96,3638.4,0,1,0,0,1,1,0,1,0,1,0,0,1,0,1,0,0,0,0,1,1,0,0,0,1,0,0,1,0,1,0,0,0,1,0,0,0,1,0,1,0,0,1
15,25.7,385.5,0,0,1,1,0,1,0,1,0,0,1,0,1,0,1,0,0,1,0,0,0,1,0,0,1,0,0,0,1,0,0,1,0,0,1,0,0,1,0,0,0,1,0
64,57.63,3688.32,0,0,1,1,0,0,1,1,0,0,1,0,0,1,0,1,0,0,0,1,0,0,1,0,0,1,0,1,0,1,0,0,1,0,0,0,0,1,1,0,0,0,0
42,84.09,3531.78,1,0,1,0,1,0,1,0,1,1,0,0,1,0,0,0,1,0,0,1,0,1,0,0,1,0,0,0,1,1,0,0,1,0,0,0,0,1,0,0,0,1,1
68,96.84,6585.12,1,0,1,0,1,0,1,1,0,1,0,1,0,0,0,1,0,0,1,0,0,0,1,0,0,1,1,0,0,0,1,0,0,1,0,1,0,0,1,0,0,0,1
57,40.37,2301.09,0,0,1,1,0,0,1,0,1,0,1,1,0,0,1,0,0,0,1,0,0,1,0,0,0,1,1,0,0,0,1,0,0,1,0,0,1,0,1,0,0,0,0
69,68.51,4727.19,1,0,1,1,0,1,0,1,0,1,0,1,0,0,1,0,0,1,0,0,0,0,1,0,1,0,1,0,0,0,0,1,0,0,1,0,1,0,1,0,0,0,0
56,108.23,6060.88,0,1,0,0,1,0,1,0,1,0,1,0,1,0,0,1,0,0,1,0,0,0,1,1,0,0,0,1,0,0,0,1,0,1,0,0,0,1,0,0,0,1,0
45,93.8,4221.0,0,0,1,0,1,1,0,1,0,1,0,1,0,0,0,0,1,0,1,0,0,1,0,0,1,0,1,0,0,0,1,0,0,0,1,0,0,1,0,0,0,1,1
10,28.84,288.4,0,1,0,1,0,1,0,1,0,0,1,0,0,1,1,0,0,0,0,1,0,1,0,0,1,0,0,0,1,1,0,0,0,1,0,0,1,0,0,0,0,1,0
2,24.05,48.1,1,1,0,1,0,0,1,0,1,0,1,1,0,0,0,1,0,1,0,0,0,1,0,0,1,0,1,0,0,1,0,0,0,0,1,0,1,0,0,0,1,0,1
6,42.52,255.12,0,1,0,1,0,0,1,1,0,0,1,1,0,0,0,1,0,0,0,1,0,0,1,0,1,0,0,1,0,1,0,0,0,0,1,1,0,0,0,0,1,0,0
63,55.27,3482.01,1,1,0,1,0,1,0,0,1,0,1,1,0,0,0,0,1,0,1,0,1,0,0,1,0,0,0,0,1,0,1,0,0,0,1,0,0,1,0,0,0,1,0
22,87.8,1931.6,1,1,0,0,1,0,1,1,0,1,0,1,0,0,0,1,0,1,0,0,0,1,0,1,0,0,1,0,0,0,1,0,1,0,0,1,0,0,0,1,0,0,1
62,65.88,4084.56,1,1,0,0,1,1,0,0,1,1,0,1,0,0,0,1,0,1,0,0,1,0,0,0,1,0,1,0,0,0,0,1,0,1,0,0,1,0,0,0,1,0,0
64,83.41,5338.24,1,0,1,1,0,1,0,0,1,1,0,0,0,1,1,0,0,0,1,0,0,1,0,0,1,0,1,0,0,0,1,0,0,1,0,0,0,1,0,0,0,1,1
12,81.81,981.72,1,0,1,1,0,1,0,1,0,1,0,0,1,0,1,0,0,0,1,0,0,0,1,0,1,0,0,1,0,1,0,0,0,0,1,0,0,1,0,0,1,0,1
72,115.54,8318.88,1,0,1,0,1,0,1,0,1,1,0,0,0,1,0,1,0,0,1,0,0,1,0,1,0,0,0,1,0,0,0,1,0,0,1,1,0,0,0,1,0,0,0
26,27.79,722.54,1,0,1,1,0,0,1,0,1,1,0,1,0,0,0,0,1,0,0,1,1,0,0,0,0,1,0,0,1,0,0,1,1,0,0,0,1,0,0,0,0,1,0
42,84.09,3531.78,1,0,1,0,1,0,1,0,1,1,0,0,1,0,0,0,1,0,0,1,0,1,0,0,1,0,0,0,1,1,0,0,1,0,0,0,0,1,0,0,0,1,1
54,45.34,2448.36,0,0,1,0,1,1,0,0,1,0,1,0,1,0,0,1,0,1,0,0,0,0,1,0,1,0,1,0,0,0,0,1,1,0,0,1,0,0,0,1,0,0,1
15,25.7,385.5,0,0,1,1,0,1,0,1,0,0,1,0,1,0,1,0,0,1,0,0,0,1,0,0,1,0,0,0,1,0,0,1,0,0,1,0,0,1,0,0,0,1,1
14,69.28,969.92,0,0,1,0,1,0,1,1,0,0,1,1,0,0,1,0,0,0,1,0,1,0,0,0,0,1,0,0,1,0,1,0,0,1,0,1,0,0,0,0,1,0,0
14,45.27,633.78,0,0,1,1,0,1,0,0,1,0,1,0,1,0,0,1,0,1,0,0,0,1,0,0,0,1,1,0,0,1,0,0,1,0,0,0,0,1,0,0,1,0,0
59,100.07,5904.13,0,1,0,0,1,0,1,1,0,0,1,1,0,0,1,0,0,1,0,0,0,0,1,0,1,0,0,0,1,0,0,1,1,0,0,0,0,1,0,0,1,0,0
27,85.87,2318.49,0,0,1,1,0,1,0,1,0,1,0,0,1,0,0,0,1,0,1,0,1,0,0,0,0,1,0,1,0,1,0,0,0,1,0,1,0,0,0,0,1,0,1
53,47.31,2507.43,0,1,0,0,1,1,0,0,1,1,0,1,0,0,0,0,1,0,1,0,0,1,0,1,0,0,0,0,1,0,1,0,0,1,0,0,1,0,0,1,0,0,1
63,118.51,7466.13,1,1,0,1,0,1,0,0,1,0,1,0,0,1,0,1,0,1,0,0,0,1,0,0,1,0,0,0,1,1,0,0,0,0,1,0,0,1,0,0,1,0,0
3,97.38,292.14,1,0,1,1,0,0,1,0,1,1,0,0,1,0,0,0,1,0,0,1,0,1,0,0,0,1,1,0,0,0,1,0,0,0,1,0,0,1,1,0,0,0,1
42,38.28,1607.76,0,1,0,1,0,1,0,0,1,1,0,0,1,0,1,0,0,0,0,1,0,0,1,1,0,0,1,0,0,0,1,0,0,1,0,0,0,1,0,0,1,0,1
28,110.79,3102.12,1,1,0,0,1,1,0,1,0,0,1,0,0,1,1,0,0,1,0,0,0,0,1,0,1,0,0,0,1,0,1,0,0,0,1,0,1,0,0,1,0,0,0
7,85.23,596.61,1,1,0,1,0,1,0,1,0,0,1,0,0,1,0,1,0,0,0,1,1,0,0,1,0,0,0,0,1,1,0,0,0,1,0,0,1,0,0,0,1,0,1
23,97.8,2249.4,1,1,0,0,1,0,1,0,1,0,1,0,1,0,0,0,1,1,0,0,0,1,0,1,0,0,1,0,0,0,0,1,0,0,1,0,1,0,0,0,1,0,0
26,72.95,1896.7,1,1,0,1,0,0,1,0,1,1,0,0,1,0,1,0,0,1,0,0,1,0,0,0,1,0,0,1,0,0,1,0,0,0,1,0,0,1,0,1,0,0,0
56,106.86,5984.16,0,0,1,0,1,0,1,1,0,1,0,1,0,0,1,0,0,0,0,1,1,0,0,1,0,0,1,0,0,0,1,0,0,1,0,1,0,0,0,0,0,1,0
38,21.38,812.44,0,0,1,1,0,0,1,0,1,0,1,0,1,0,0,1,0,1,0,0,1,0,0,0,0,1,0,1,0,1,0,0,0,0,1,1,0,0,0,0,0,1,1
9,60.04,540.36,1,0,1,0,1,0,1,1,0,1,0,0,0,1,1,0,0,0,0,1,0,0,1,1,0,0,0,1,0,1,0,0,0,0,1,0,1,0,0,0,1,0,0
45,79.23,3565.35,1,0,1,1,0,0,1,0,1,0,1,0,1,0,0,0,1,0,0,1,0,0,1,0,1,0,1,0,0,1,0,0,0,0,1,0,0,1,0,0,1,0,0
51,72.7,3707.7,1,0,1,0,1,0,1,1,0,0,1,1,0,0,0,1,0,0,1,0,0,1,0,1,0,0,1,0,0,0,0,1,0,0,1,0,0,1,0,1,0,0,0
18,81.59,1468.62,0,0,1,0,1,0,1,0,1,0,1,1,0,0,0,0,1,0,0,1,0,1,0,0,0,1,0,1,0,0,1,0,1,0,0,1,0,0,0,1,0,0,0
72,72.08,5189.76,1,0,1,1,0,0,1,1,0,1,0,1,0,0,0,1,0,1,0,0,0,1,0,0,1,0,1,0,0,1,0,0,0,0,1,1,0,0,0,0,0,1,0
1,82.21,82.21,0,1,0,0,1,1,0,1,0,1,0,1,0,0,0,1,0,0,1,0,0,0,1,0,0,1,0,1,0,0,0,1,1,0,0,0,0,1,0,0,1,0,0
40,59.42,2376.8,1,1,0,0,1,1,0,0,1,0,1,0,0,1,1,0,0,0,0,1,1,0,0,1,0,0,1,0,0,1,0,0,0,0,1,0,1,0,0,1,0,0,0
14,69.28,969.92,0,0,1,0,1,0,1,1,0,0,1,1,0,0,1,0,0,0,1,0,1,0,0,0,0,1,0,0,1,0,1,0,0,1,0,1,0,0,0,0,1,0,1
23,100.84,2319.32,1,1,0,0,1,1,0,0,1,1,0,1,0,0,1,0,0,0,0,1,1,0,0,1,0,0,0,0,1,0,0,1,0,1,0,0,0,1,0,0,1,0,1
53,25.86,1370.58,0,0,1,0,1,1,0,1,0,0,1,1,0,0,0,1,0,0,0,1,0,0,1,0,0,1,0,0,1,0,0,1,1,0,0,0,1,0,1,0,0,0,1
36,87.83,3161.88,0,0,1,1,0,0,1,1,0,0,1,0,0,1,0,1,0,1,0,0,0,1,0,0,0,1,0,1,0,1,0,0,0,0,1,0,1,0,0,0,1,0,1
49,91.89,4502.61,0,0,1,1,0,0,1,0,1,1,0,1,0,0,0,0,1,0,1,0,0,1,0,0,1,0,0,0,1,0,0,1,0,0,1,0,0,1,0,1,0,0,1
1,31.32,31.32,1,0,1,0,1,0,1,0,1,1,0,0,0,1,0,0,1,0,0,1,0,1,0,0,1,0,0,1,0,0,0,1,0,0,1,0,0,1,0,1,0,0,0
2,44.34,88.68,1,1,0,0,1,1,0,0,1,1,0,0,0,1,0,0,1,0,0,1,0,0,1,1,0,0,0,1,0,0,1,0,0,0,1,0,1,0,0,0,0,1,1
63,76.21,4801.23,1,0,1,0,1,1,0,1,0,0,1,0,0,1,0,0,1,0,1,0,1,0,0,1,0,0,1,0,0,1,0,0,0,1,0,0,0,1,0,0,1,0,1
26,80.61,2095.86,1,0,1,0,1,0,1,0,1,1,0,0,1,0,0,1,0,0,1,0,0,0,1,0,1,0,0,1,0,1,0,0,1,0,0,0,1,0,0,0,0,1,0
41,88.21,3616.61,1,0,1,0,1,0,1,0,1,1,0,1,0,0,1,0,0,1,0,0,1,0,0,0,0,1,0,1,0,0,0,1,0,1,0,0,1,0,0,0,0,1,1
43,92.85,3992.55,1,1,0,1,0,0,1,0,1,0,1,0,0,1,1,0,0,0,1,0,0,1,0,1,0,0,0,0,1,0,0,1,0,1,0,1,0,0,0,0,1,0,0
37,42.52,1573.24,1,1,0,0,1,0,1,1,0,0,1,0,0,1,0,1,0,0,0,1,0,0,1,0,1,0,0,1,0,0,1,0,0,1,0,0,1,0,0,1,0,0,0
12,43.13,517.56,1,0,1,1,0,0,1,1,0,0,1,0,0,1,1,0,0,1,0,0,0,1,0,0,1,0,0,1,0,0,1,0,0,1,0,0,0,1,1,0,0,0,0
70,87.11,6097.7,1,1,0,1,0,0,1,0,1,1,0,0,0,1,1,0,0,0,1,0,0,0,1,0,0,1,0,0,1,0,0,1,0,1,0,1,0,0,0,1,0,0,1
35,97.92,3427.2,1,0,1,0,1,0,1,1,0,0,1,1,0,0,0,0,1,0,0,1,0,0,1,0,0,1,0,1,0,0,1,0,0,1,0,0,0,1,0,0,0,1,1
28,62.73,1756.44,1,0,1,1,0,0,1,1,0,1,0,0,1,0,1,0,0,0,0,1,1,0,0,1,0,0,1,0,0,0,0,1,1,0,0,1,0,0,0,0,0,1,0
29,55.98,1623.42,1,0,1,0,1,0,1,1,0,0,1,1,0,0,1,0,0,0,1,0,1,0,0,1,0,0,0,0,1,1,0,0,0,1,0,0,1,0,0,0,0,1,1
61,106.44,6492.84,0,0,1,1,0,1,0,0,1,1,0,0,1,0,0,0,1,1,0,0,0,0,1,1,0,0,0,0,1,0,0,1,1,0,0,0,1,0,1,0,0,0,1
60,38.98,2338.8,1,1,0,0,1,1,0,0,1,0,1,0,0,1,0,0,1,0,1,0,1,0,0,1,0,0,0,1,0,0,1,0,1,0,0,0,1,0,0,0,0,1,1
24,72.61,1742.64,1,1,0,1,0,0,1,1,0,0,1,0,1,0,1,0,0,0,1,0,1,0,0,1,0,0,1,0,0,0,0,1,0,1,0,1,0,0,0,1,0,0,0
9,100.15,901.35,0,1,0,0,1,0,1,1,0,0,1,0,1,0,1,0,0,1,0,0,1,0,0,0,0,1,0,1,0,0,1,0,0,1,0,1,0,0,0,0,0,1,0
64,70.0,4480.0,1,1,0,1,0,0,1,1,0,1,0,0,0,1,1,0,0,1,0,0,1,0,0,0,0,1,0,0,1,1,0,0,0,0,1,0,1,0,0,1,0,0,0
53,25.86,1370.58,0,0,1,0,1,1,0,1,0,0,1,1,0,0,0,1,0,0,0,1,0,0,1,0,0,1,0,0,1,0,0,1,1,0,0,0,1,0,1,0,0,0,0
70,85.95,6016.5,1,1,0,1,0,1,0,0,1,0,1,0,1,0,1,0,0,0,0,1,0,1,0,1,0,0,0,1,0,1,0,0,0,0,1,1,0,0,1,0,0,0,0
20,30.06,601.2,0,1,0,0,1,0,1,1,0,0,1,0,0,1,0,1,0,1,0,0,0,1,0,0,1,0,0,0,1,0,1,0,0,1,0,0,1,0,0,0,1,0,1
51,85.27,4348.77,0,0,1,1,0,0,1,0,1,1,0,0,1,0,0,1,0,0,0,1,1,0,0,0,0,1,0,0,1,1,0,0,1,0,0,0,1,0,1,0,0,0,1
17,106.95,1818.15,0,1,0,0,1,0,1,0,1,0,1,0,0,1,0,1,0,0,1,0,1,0,0,0,0,1,0,0,1,0,0,1,1,0,0,1,0,0,0,1,0,0,1
9,71.77,645.93,1,0,1,0,1,0,1,1,0,1,0,0,1,0,0,1,0,1,0,0,1,0,0,0,0,1,0,0,1,1,0,0,0,1,0,0,1,0,0,1,0,0,1
51,69.21,3529.71,0,1,0,0,1,1,0,1,0,0,1,0,1,0,0,1,0,0,1,0,0,0,1,1,0,0,1,0,0,1,0,0,0,1,0,0,1,0,0,0,0,1,0
46,76.42,3515.32,1,0,1,0,1,1,0,0,1,0,1,0,1,0,0,1,0,0,0,1,0,1,0,0,0,1,0,1,0,0,1,0,0,0,1,0,1,0,0,0,0,1,1
26,104.56,2718.56,1,1,0,1,0,1,0,1,0,1,0,0,1,0,1,0,0,1,0,0,0,1,0,1,0,0,1,0,0,0,0,1,0,0,1,1,0,0,0,0,1,0,0
40,52.14,2085.6,1,0,1,1,0,1,0,1,0,0,1,1,0,0,0,1,0,1,0,0,1,0,0,0,0,1,0,1,0,0,1,0,0,1,0,1,0,0,0,1,0,0,1
47,113.87,5351.89,1,0,1,0,1,1,0,1,0,1,0,1,0,0,0,0,1,0,0,1,1,0,0,1,0,0,0,0,1,0,0,1,0,1,0,0,1,0,0,0,0,1,1
51,57.23,2918.73,1,1,0,1,0,0,1,1,0,0,1,0,1,0,0,0,1,0,0,1,0,0,1,1,0,0,0,0,1,1,0,0,0,1,0,0,1,0,1,0,0,0,1
9,110.09,990.81,1,0,1,1,0,1,0,1,0,1,0,0,1,0,0,1,0,0,0,1,1,0,0,1,0,0,0,0,1,1,0,0,0,0,1,0,1,0,1,0,0,0,1
10,79.33,793.3,1,1,0,1,0,1,0,0,1,1,0,0,1,0,0,1,0,0,0,1,0,1,0,0,0,1,0,1,0,1,0,0,0,1,0,0,0,1,1,0,0,0,0
62,37.73,2339.26,0,1,0,1,0,1,0,0,1,0,1,1,0,0,0,0,1,0,1,0,0,0,1,0,0,1,0,1,0,0,1,0,0,1,0,0,1,0,0,1,0,0,1
27,70.31,1898.37,1,0,1,1,0,0,1,1,0,1,0,1,0,0,1,0,0,0,1,0,1,0,0,0,1,0,0,0,1,0,1,0,1,0,0,1,0,0,0,0,1,0,0
6,24.98,149.88,1,0,1,1,0,0,1,1,0,0,1,1,0,0,0,1,0,1,0,0,0,1,0,0,0,1,0,1,0,0,1,0,0,1,0,0,1,0,1,0,0,0,1
25,61.7,1542.5,0,0,1,0,1,0,1,0,1,0,1,1,0,0,1,0,0,1,0,0,1,0,0,1,0,0,0,1,0,0,0,1,0,0,1,1,0,0,0,0,1,0,0
8,73.37,586.96,0,1,0,0,1,1,0,1,0,0,1,0,0,1,0,0,1,0,0,1,0,1,0,1,0,0,0,0,1,0,1,0,0,1,0,1,0,0,0,0,0,1,0
68,55.39,3766.52,0,1,0,0,1,1,0,1,0,1,0,0,1,0,0,0,1,1,0,0,1,0,0,0,1,0,0,0,1,0,0,1,1,0,0,0,1,0,0,0,1,0,0
1,90.48,90.48,1,1,0,0,1,0,1,1,0,0,1,1,0,0,0,1,0,1,0,0,0,0,1,0,1,0,1,0,0,1,0,0,1,0,0,1,0,0,0,0,1,0,0
72,78.26,5634.72,0,1,0,1,0,1,0,0,1,0,1,0,0,1,1,0,0,0,0,1,0,1,0,1,0,0,1,0,0,0,1,0,0,0,1,0,1,0,0,1,0,0,0
31,40.13,1244.03,0,1,0,1,0,1,0,0,1,1,0,0,1,0,0,1,0,0,0,1,0,0,1,0,1,0,1,0,0,0,1,0,0,1,0,1,0,0,1,0,0,0,0
22,25.01,550.22,0,0,1,1,0,0,1,0,1,0,1,0,1,0,0,1,0,1,0,0,0,1,0,1,0,0,0,0,1,1,0,0,0,1,0,1,0,0,1,0,0,0,1
51,68.81,3509.31,0,1,0,0,1,1,0,1,0,0,1,1,0,0,1,0,0,0,1,0,0,1,0,0,0,1,0,1,0,0,1,0,0,0,1,0,0,1,0,0,0,1,1
22,49.39,1086.58,0,1,0,0,1,0,1,0,1,0,1,0,0,1,0,0,1,0,0,1,1,0,0,0,1,0,0,0,1,1,0,0,1,0,0,1,0,0,0,1,0,0,0
63,99.16,6247.08,0,1,0,1,0,1,0,1,0,0,1,0,0,1,0,1,0,0,0,1,0,0,1,0,0,1,0,1,0,1,0,0,0,0,1,0,0,1,0,1,0,0,0
25,47.63,1190.75,0,1,0,0,1,0,1,0,1,0,1,0,1,0,0,0,1,0,1,0,1,0,0,1,0,0,1,0,0,1,0,0,0,0,1,1,0,0,1,0,0,0,0
71,50.94,3616.74,1,1,0,0,1,1,0,1,0,0,1,0,1,0,0,0,1,1,0,0,0,1,0,0,0,1,0,1,0,0,1,0,0,1,0,1,0,0,0,1,0,0,0
19,41.32,785.08,1,1,0,1,0,0,1,0,1,1,0,1,0,0,0,1,0,1,0,0,0,0,1,0,0,1,0,0,1,0,0,1,0,1,0,0,1,0,0,1,0,0,0
7,21.63,151.41,0,1,0,1,0,0,1,0,1,0,1,1,0,0,0,1,0,1,0,0,1,0,0,0,0,1,0,1,0,1,0,0,1,0,0,0,0,1,1,0,0,0,1
72,72.08,5189.76,1,0,1,1,0,0,1,1,0,1,0,1,0,0,0,1,0,1,0,0,0,1,0,0,1,0,1,0,0,1,0,0,0,0,1,1,0,0,0,0,0,1,0
41,88.21,3616.61,1,0,1,0,1,0,1,0,1,1,0,1,0,0,1,0,0,1,0,0,1,0,0,0,0,1,0,1,0,0,0,1,0,1,0,0,1,0,0,0,0,1,0
38,88.24,3353.12,0,1,0,0,1,0,1,0,1,0,1,0,0,1,1,0,0,1,0,0,0,0,1,0,1,0,1,0,0,0,0,1,1,0,0,0,0,1,0,0,0,1,0
47,76.91,3614.77,0,0,1,0,1,0,1,1,0,0,1,1,0,0,1,0,0,0,1,0,0,0,1,1,0,0,0,0,1,1,0,0,0,1,0,0,1,0,1,0,0,0,1
12,81.81,981.72,1,0,1,1,0,1,0,1,0,1,0,0,1,0,1,0,0,0,1,0,0,0,1,0,1,0,0,1,0,1,0,0,0,0,1,0,0,1,0,0,1,0,0
49,103.16,5054.84,1,1,0,1,0,1,0,1,0,0,1,1,0,0,0,0,1,0,0,1,1,0,0,1,0,0,0,1,0,0,0,1,0,0,1,1,0,0,0,0,1,0,0
55,37.44,2059.2,1,0,1,0,1,0,1,1,0,0,1,0,1,0,0,1,0,0,0,1,0,1,0,1,0,0,1,0,0,0,1,0,0,1,0,0,0,1,1,0,0,0,1
56,102.52,5741.12,0,1,0,0,1,1,0,0,1,1,0,1,0,0,0,1,0,0,0,1,1,0,0,0,0,1,0,1,0,1,0,0,1,0,0,0,1,0,1,0,0,0,1
52,66.89,3478.28,1,0,1,0,1,0,1,0,1,0,1,0,1,0,1,0,0,0,0,1,1,0,0,1,0,0,0,0,1,1,0,0,0,0,1,0,0,1,0,0,0,1,1
55,49.18,2704.9,0,1,0,1,0,1,0,1,0,0,1,0,1,0,0,0,1,0,0,1,0,0,1,0,0,1,0,0,1,1,0,0,0,0,1,0,1,0,0,1,0,0,0
27,70.31,1898.37,1,0,1,1,0,0,1,1,0,1,0,1,0,0,1,0,0,0,1,0,1,0,0,0,1,0,0,0,1,0,1,0,1,0,0,1,0,0,0,0,1,0,1
34,28.84,980.56,1,0,1,1,0,0,1,1,0,1,0,1,0,0,0,0,1,0,0,1,0,1,0,0,1,0,1,0,0,1,0,0,1,0,0,1,0,0,0,0,1,0,1
23,70.43,1619.89,1,1,0,1,0,0,1,1,0,1,0,1,0,0,1,0,0,0,0,1,1,0,0,1,0,0,0,0,1,0,0,1,0,0,1,1,0,0,0,0,1,0,1
13,19.09,248.17,0,0,1,0,1,0,1,0,1,1,0,0,0,1,0,0,1,0,1,0,0,1,0,0,0,1,0,1,0,0,0,1,0,1,0,1,0,0,0,1,0,0,1
34,29.85,1014.9,0,0,1,0,1,0,1,0,1,1,0,1,0,0,0,1,0,0,1,0,0,0,1,0,1,0,0,0,1,1,0,0,0,1,0,0,0,1,0,0,0,1,0
40,90.96,3638.4,0,1,0,0,1,1,0,1,0,1,0,0,1,0,1,0,0,0,0,1,1,0,0,0,1,0,0,1,0,1,0,0,0,1,0,0,0,1,0,1,0,0,1
17,42.71,726.07,1,1,0,0,1,0,1,1,0,0,1,0,0,1,0,0,1,0,1,0,0,0,1,0,0,1,0,0,1,1,0,0,0,0,1,0,0,1,0,0,0,1,1
2,76.99,153.98,1,1,0,0,1,0,1,1,0,1,0,0,1,0,1,0,0,0,1,0,0,0,1,1,0,0,1,0,0,0,0,1,1,0,0,1,0,0,0,0,0,1,0
70,118.36,8285.2,1,1,0,0,1,1,0,0,1,0,1,0,0,1,1,0,0,0,0,1,1,0,0,0,0,1,0,1,0,0,1,0,0,0,1,1,0,0,1,0,0,0,0
59,55.28,3261.52,1,1,0,0,1,0,1,1,0,0,1,1,0,0,0,0,1,1,0,0,0,0,1,1,0,0,0,1,0,0,0,1,1,0,0,1,0,0,0,0,0,1,0
63,118.51,7466.13,1,1,0,1,0,1,0,0,1,0,1,0,0,1,0,1,0,1,0,0,0,1,0,0,1,0,0,0,1,1,0,0,0,0,1,0,0,1,0,0,1,0,1
2,98.95,197.9,1,0,1,1,0,0,1,1,0,1,0,0,0,1,0,0,1,0,0,1,1,0,0,1,0,0,0,1,0,0,0,1,1,0,0,0,0,1,0,0,1,0,1
30,20.07,602.1,1,0,1,1,0,1,0,0,1,1,0,1,0,0,1,0,0,0,0,1,1,0,0,1,0,0,1,0,0,0,1,0,0,0,1,0,1,0,0,0,0,1,1
10,23.9,239.0,0,1,0,1,0,1,0,1,0,0,1,1,0,0,1,0,0,0,1,0,1,0,0,0,1,0,0,0,1,0,1,0,0,1,0,0,0,1,0,1,0,0,0
39,99.01,3861.39,0,1,0,1,0,0,1,1,0,1,0,0,1,0,0,0,1,0,1,0,1,0,0,0,0,1,0,0,1,0,1,0,0,0,1,1,0,0,0,0,0,1,0
49,103.16,5054.84,1,1,0,1,0,1,0,1,0,0,1,1,0,0,0,0,1,0,0,1,1,0,0,1,0,0,0,1,0,0,0,1,0,0,1,1,0,0,0,0,1,0,1
11,38.78,426.58,1,0,1,0,1,0,1,0,1,0,1,0,0,1,0,0,1,0,1,0,1,0,0,0,0,1,0,1,0,1,0,0,1,0,0,1,0,0,0,0,1,0,0
33,25.16,830.28,0,0,1,0,1,1,0,0,1,0,1,1,0,0,1,0,0,1,0,0,0,1,0,0,0,1,0,0,1,0,1,0,1,0,0,1,0,0,1,0,0,0,0
26,74.6,1939.6,0,0,1,1,0,0,1,1,0,0,1,0,0,1,1,0,0,1,0,0,1,0,0,0,0,1,1,0,0,0,0,1,1,0,0,0,0,1,0,0,1,0,1
29,95.28,2763.12,1,0,1,0,1,0,1,1,0,0,1,1,0,0,1,0,0,0,0,1,0,1,0,0,1,0,0,0,1,1,0,0,0,1,0,0,1,0,0,0,0,1,0
49,99.32,4866.68,0,0,1,0,1,0,1,0,1,0,1,0,0,1,1,0,0,1,0,0,1,0,0,0,1,0,1,0,0,1,0,0,0,1,0,0,1,0,0,0,1,0,0
43,45.48,1955.64,0,1,0,1,0,0,1,0,1,1,0,1,0,0,0,1,0,0,0,1,1,0,0,0,1,0,0,0,1,1,0,0,0,0,1,0,1,0,1,0,0,0,1
29,74.44,2158.76,0,1,0,0,1,1,0,1,0,0,1,1,0,0,0,0,1,1,0,0,0,0,1,0,0,1,0,1,0,1,0,0,1,0,0,0,1,0,1,0,0,0,1
9,109.49,985.41,1,1,0,0,1,0,1,0,1,0,1,0,0,1,0,1,0,1,0,0,1,0,0,1,0,0,1,0,0,0,1,0,0,1,0,0,1,0,0,1,0,0,0
2,40.32,80.64,0,0,1,0,1,1,0,0,1,0,1,1,0,0,0,1,0,0,1,0,0,0,1,0,1,0,0,1,0,1,0,0,0,1,0,1,0,0,0,0,0,1,0
32,103.0,3296.0,0,1,0,1,0,0,1,1,0,1,0,0,0,1,0,1,0,1,0,0,0,1,0,1,0,0,0,1,0,1,0,0,0,0,1,0,0,1,0,0,0,1,0
68,87.99,5983.32,1,0,1,1,0,1,0,0,1,0,1,1,0,0,0,1,0,1,0,0,1,0,0,0,1,0,0,1,0,0,0,1,0,0,1,0,1,0,1,0,0,0,0
24,108.49,2603.76,1,0,1,0,1,0,1,1,0,1,0,1,0,0,1,0,0,0,0,1,0,1,0,1,0,0,0,0,1,0,0,1,0,1,0,0,1,0,1,0,0,0,0
35,97.92,3427.2,1,0,1,0,1,0,1,1,0,0,1,1,0,0,0,0,1,0,0,1,0,0,1,0,0,1,0,1,0,0,1,0,0,1,0,0,0,1,0,0,0,1,1
8,95.08,760.64,0,1,0,0,1,0,1,0,1,1,0,0,1,0,0,1,0,1,0,0,0,0,1,1,0,0,1,0,0,1,0,0,0,1,0,1,0,0,0,1,0,0,0
10,79.33,793.3,1,1,0,1,0,1,0,0,1,1,0,0,1,0,0,1,0,0,0,1,0,1,0,0,0,1,0,1,0,1,0,0,0,1,0,0,0,1,1,0,0,0,1
21,45.58,957.18,1,0,1,0,1,0,1,0,1,0,1,0,1,0,0,0,1,0,1,0,1,0,0,0,0,1,0,0,1,0,1,0,1,0,0,0,1,0,0,0,1,0,0
49,22.31,1093.19,0,1,0,1,0,1,0,0,1,0,1,0,1,0,1,0,0,0,1,0,1,0,0,0,0,1,0,1,0,0,0,1,0,0,1,1,0,0,0,0,0,1,0
15,89.15,1337.25,1,0,1,1,0,1,0,1,0,1,0,0,1,0,0,1,0,0,1,0,0,0,1,0,0,1,1,0,0,0,0,1,1,0,0,0,0,1,0,0,1,0,0
65,114.72,7456.8,1,0,1,0,1,1,0,0,1,1,0,1,0,0,0,1,0,1,0,0,0,1,0,0,0,1,0,1,0,0,0,1,0,1,0,0,0,1,1,0,0,0,1
17,74.22,1261.74,0,1,0,0,1,1,0,1,0,0,1,0,1,0,0,1,0,1,0,0,0,0,1,1,0,0,0,1,0,1,0,0,0,1,0,0,1,0,0,1,0,0,1
63,63.61,4007.43,0,0,1,1,0,0,1,0,1,0,1,0,0,1,0,0,1,0,1,0,0,1,0,0,0,1,0,1,0,1,0,0,0,0,1,0,0,1,0,0,1,0,1
68,38.58,2623.44,0,1,0,0,1,0,1,1,0,0,1,1,0,0,0,1,0,0,0,1,1,0,0,0,0,1,0,0,1,0,0,1,0,1,0,1,0,0,0,0,0,1,0
36,118.47,4264.92,0,0,1,1,0,1,0,0,1,0,1,1,0,0,0,0,1,1,0,0,1,0,0,1,0,0,1,0,0,1,0,0,1,0,0,0,0,1,1,0,0,0,0
40,25.99,1039.6,0,1,0,0,1,1,0,1,0,1,0,0,1,0,0,0,1,0,0,1,1,0,0,0,0,1,0,1,0,1,0,0,1,0,0,0,1,0,0,0,0,1,0
26,27.79,722.54,1,0,1,1,0,0,1,0,1,1,0,1,0,0,0,0,1,0,0,1,1,0,0,0,0,1,0,0,1,0,0,1,1,0,0,0,1,0,0,0,0,1,1
40,25.99,1039.6,0,1,0,0,1,1,0,1,0,1,0,0,1,0,0,0,1,0,0,1,1,0,0,0,0,1,0,1,0,1,0,0,1,0,0,0,1,0,0,0,0,1,1
62,53.81,3336.22,0,0,1,1,0,1,0,1,0,1,0,0,0,1,1,0,0,0,1,0,0,0,1,1,0,0,0,0,1,1,0,0,1,0,0,1,0,0,1,0,0,0,0
66,28.56,1884.96,1,0,1,1,0,1,0,1,0,0,1,0,0,1,0,1,0,0,0,1,1,0,0,0,1,0,0,0,1,0,0,1,1,0,0,1,0,0,1,0,0,0,1
35,88.82,3108.7,1,0,1,0,1,1,0,1,0,1,0,0,1,0,0,1,0,1,0,0,1,0,0,0,0,1,1,0,0,0,1,0,0,0,1,0,0,1,1,0,0,0,0
35,88.49,3097.15,1,1,0,0,1,0,1,1,0,0,1,1,0,0,0,1,0,1,0,0,1,0,0,1,0,0,1,0,0,1,0,0,0,0,1,1,0,0,0,1,0,0,1
44,42.91,1888.04,1,0,1,1,0,0,1,0,1,0,1,1,0,0,0,0,1,0,0,1,1,0,0,0,1,0,0,1,0,0,0,1,1,0,0,0,0,1,0,0,0,1,1
18,81.59,1468.62,0,0,1,0,1,0,1,0,1,0,1,1,0,0,0,0,1,0,0,1,0,1,0,0,0,1,0,1,0,0,1,0,1,0,0,1,0,0,0,1,0,0,1
6,106.32,637.92,0,0,1,0,1,1,0,1,0,1,0,0,1,0,1,0,0,1,0,0,1,0,0,0,0,1,0,1,0,0,1,0,1,0,0,0,1,0,0,1,0,0,1
24,97.57,2341.68,1,1,0,1,0,1,0,0,1,1,0,0,0,1,0,1,0,0,0,1,0,1,0,0,1,0,1,0,0,0,0,1,0,1,0,0,0,1,0,0,1,0,1
11,20.17,221.87,0,1,0,0,1,0,1,0,1,0,1,0,0,1,0,1,0,0,1,0,0,0,1,1,0,0,0,0,1,0,1,0,0,1,0,0,1,0,0,0,0,1,1
44,42.91,1888.04,1,0,1,1,0,0,1,0,1,0,1,1,0,0,0,0,1,0,0,1,1,0,0,0,1,0,0,1,0,0,0,1,1,0,0,0,0,1,0,0,0,1,0
25,104.17,2604.25,1,1,0,0,1,0,1,0,1,1,0,0,0,1,0,1,0,0,1,0,0,1,0,0,1,0,1,0,0,0,1,0,0,0,1,1,0,0,0,0,1,0,0
41,44.4,1820.4,0,0,1,1,0,1,0,0,1,0,1,0,1,0,1,0,0,0,1,0,0,1,0,0,0,1,0,0,1,0,1,0,1,0,0,1,0,0,1,0,0,0,0
59,100.07,5904.13,0,1,0,0,1,0,1,1,0,0,1,1,0,0,1,0,0,1,0,0,0,0,1,0,1,0,0,0,1,0,0,1,1,0,0,0,0,1,0,0,1,0,0
8,92.91,743.28,1,1,0,1,0,0,1,1,0,1,0,0,0,1,1,0,0,1,0,0,0,1,0,1,0,0,0,0,1,1,0,0,0,0,1,0,0,1,0,0,1,0,1
26,80.61,2095.86,1,0,1,0,1,0,1,0,1,1,0,0,1,0,0,1,0,0,1,0,0,0,1,0,1,0,0,1,0,1,0,0,1,0,0,0,1,0,0,0,0,1,0
43,92.85,3992.55,1,1,0,1,0,0,1,0,1,0,1,0,0,1,1,0,0,0,1,0,0,1,0,1,0,0,0,0,1,0,0,1,0,1,0,1,0,0,0,0,1,0,1
29,55.98,1623.42,1,0,1,0,1,0,1,1,0,0,1,1,0,0,1,0,0,0,1,0,1,0,0,1,0,0,0,0,1,1,0,0,0,1,0,0,1,0,0,0,0,1,0
67,67.61,4529.87,0,0,1,0,1,0,1,0,1,0,1,0,0,1,0,1,0,0,0,1,0,1,0,1,0,0,0,1,0,1,0,0,0,0,1,1,0,0,0,0,0,1,0
28,118.64,3321.92,0,1,0,0,1,1,0,1,0,0,1,0,0,1,0,1,0,0,1,0,1,0,0,0,0,1,0,0,1,1,0,0,1,0,0,0,1,0,1,0,0,0,1
47,107.61,5057.67,1,1,0,1,0,1,0,1,0,1,0,1,0,0,1,0,0,1,0,0,0,0,1,1,0,0,0,0,1,1,0,0,0,0,1,0,0,1,1,0,0,0,0
39,102.28,3988.92,0,0,1,1,0,0,1,0,1,1,0,1,0,0,0,1,0,1,0,0,0,0,1,0,0,1,0,1,0,1,0,0,0,0,1,0,0,1,0,0,1,0,0
40,52.14,2085.6,1,0,1,1,0,1,0,1,0,0,1,1,0,0,0,1,0,1,0,0,1,0,0,0,0,1,0,1,0,0,1,0,0,1,0,1,0,0,0,1,0,0,0
6,34.28,205.68,0,0,1,1,0,0,1,1,0,0,1,0,1,0,1,0,0,0,0,1,0,0,1,0,0,1,0,1,0,1,0,0,0,0,1,0,0,1,1,0,0,0,1
22,49.39,1086.58,0,1,0,0,1,0,1,0,1,0,1,0,0,1,0,0,1,0,0,1,1,0,0,0,1,0,0,0,1,1,0,0,1,0,0,1,0,0,0,1,0,0,0
4,54.12,216.48,1,1,0,1,0,0,1,0,1,1,0,0,1,0,0,0,1,0,0,1,1,0,0,0,1,0,1,0,0,0,0,1,0,1,0,1,0,0,0,0,0,1,1
5,34.37,171.85,1,1,0,1,0,1,0,0,1,0,1,1,0,0,1,0,0,0,0,1,0,1,0,1,0,0,0,0,1,0,0,1,0,1,0,1,0,0,0,0,1,0,1
29,37.14,1077.06,1,0,1,1,0,0,1,1,0,1,0,1,0,0,1,0,0,0,0,1,1,0,0,1,0,0,0,1,0,0,0,1,0,0,1,0,1,0,0,1,0,0,0
26,104.56,2718.56,1,1,0,1,0,1,0,1,0,1,0,0,1,0,1,0,0,1,0,0,0,1,0,1,0,0,1,0,0,0,0,1,0,0,1,1,0,0,0,0,1,0,1
26,36.26,942.76,0,0,1,0,1,0,1,0,1,1,0,0,1,0,0,1,0,0,1,0,0,0,1,0,1,0,1,0,0,1,0,0,1,0,0,1,0,0,0,0,1,0,1
52,92.41,4805.32,1,1,0,0,1,0,1,1,0,1,0,1,0,0,1,0,0,0,1,0,0,0,1,1,0,0,0,0,1,0,1,0,1,0,0,1,0,0,1,0,0,0,0
60,90.25,5415.0,0,1,0,0,1,1,0,0,1,0,1,0,1,0,0,0,1,0,1,0,1,0,0,0,0,1,1,0,0,1,0,0,0,1,0,1,0,0,1,0,0,0,0
64,61.22,3918.08,0,0,1,1,0,1,0,1,0,0,1,0,0,1,1,0,0,0,0,1,0,0,1,0,0,1,1,0,0,1,0,0,1,0,0,1,0,0,1,0,0,0,1
42,38.28,1607.76,0,1,0,1,0,1,0,0,1,1,0,0,1,0,1,0,0,0,0,1,0,0,1,1,0,0,1,0,0,0,1,0,0,1,0,0,0,1,0,0,1,0,0
39,99.01,3861.39,0,1,0,1,0,0,1,1,0,1,0,0,1,0,0,0,1,0,1,0,1,0,0,0,0,1,0,0,1,0,1,0,0,0,1,1,0,0,0,0,0,1,0
53,47.31,2507.43,0,1,0,0,1,1,0,0,1,1,0,1,0,0,0,0,1,0,1,0,0,1,0,1,0,0,0,0,1,0,1,0,0,1,0,0,1,0,0,1,0,0,0
21,19.63,412.23,1,0,1,0,1,0,1,1,0,1,0,1,0,0,1,0,0,1,0,0,1,0,0,0,1,0,1,0,0,1,0,0,0,1,0,0,1,0,1,0,0,0,1
38,51.78,1967.64,0,0,1,0,1,0,1,1,0,0,1,1,0,0,0,0,1,0,0,1,0,0,1,0,1,0,0,1,0,0,1,0,0,1,0,1,0,0,0,1,0,0,1
8,73.37,586.96,0,1,0,0,1,1,0,1,0,0,1,0,0,1,0,0,1,0,0,1,0,1,0,1,0,0,0,0,1,0,1,0,0,1,0,1,0,0,0,0,0,1,1
66,65.11,4297.26,1,0,1,0,1,1,0,0,1,0,1,0,0,1,0,1,0,0,0,1,0,1,0,1,0,0,1,0,0,0,1,0,0,0,1,1,0,0,1,0,0,0,1
27,53.48,1443.96,0,0,1,0,1,1,0,0,1,0,1,0,0,1,1,0,0,0,0,1,0,1,0,0,0,1,1,0,0,0,1,0,1,0,0,1,0,0,0,0,0,1,0
40,41.79,1671.6,1,1,0,1,0,1,0,1,0,1,0,0,0,1,1,0,0,0,1,0,0,1,0,1,0,0,0,0,1,0,1,0,0,1,0,0,1,0,0,0,0,1,1
47,18.45,867.15,1,1,0,0,1,0,1,0,1,0,1,0,1,0,0,0,1,1,0,0,0,0,1,0,1,0,1,0,0,0,0,1,1,0,0,0,0,1,0,0,1,0,0
71,93.44,6634.24,1,0,1,0,1,0,1,0,1,1,0,0,0,1,0,1,0,0,0,1,1,0,0,0,0,1,0,0,1,0,0,1,1,0,0,1,0,0,0,1,0,0,0
29,43.28,1255.12,0,0,1,0,1,1,0,1,0,1,0,0,0,1,0,0,1,0,1,0,0,1,0,0,1,0,1,0,0,0,1,0,0,0,1,0,0,1,1,0,0,0,1
26,26.41,686.66,0,1,0,1,0,1,0,1,0,1,0,0,0,1,0,1,0,1,0,0,0,1,0,1,0,0,0,1,0,1,0,0,1,0,0,0,0,1,1,0,0,0,0
11,38.78,426.58,1,0,1,0,1,0,1,0,1,0,1,0,0,1,0,0,1,0,1,0,1,0,0,0,0,1,0,1,0,1,0,0,1,0,0,1,0,0,0,0,1,0,1
51,57.23,2918.73,1,1,0,1,0,0,1,1,0,0,1,0,1,0,0,0,1,0,0,1,0,0,1,1,0,0,0,0,1,1,0,0,0,1,0,0,1,0,1,0,0,0,0
13,20.45,265.85,1,1,0,1,0,1,0,0,1,1,0,0,0,1,1,0,0,0,1,0,0,0,1,0,0,1,0,0,1,1,0,0,0,1,0,1,0,0,0,0,1,0,0
41,27.13,1112.33,1,1,0,0,1,1,0,0,1,0,1,0,1,0,0,0,1,0,0,1,1,0,0,1,0,0,0,1,0,0,0,1,0,0,1,0,1,0,0,0,0,1,1
35,88.82,3108.7,1,0,1,0,1,1,0,1,0,1,0,0,1,0,0,1,0,1,0,0,1,0,0,0,0,1,1,0,0,0,1,0,0,0,1,0,0,1,1,0,0,0,1
41,27.13,1112.33,1,1,0,0,1,1,0,0,1,0,1,0,1,0,0,0,1,0,0,1,1,0,0,1,0,0,0,1,0,0,0,1,0,0,1,0,1,0,0,0,0,1,0
47,113.87,5351.89,1,0,1,0,1,1,0,1,0,1,0,1,0,0,0,0,1,0,0,1,1,0,0,1,0,0,0,0,1,0,0,1,0,1,0,0,1,0,0,0,0,1,0
1,80.24,80.24,1,1,0,0,1,0,1,1,0,1,0,0,1,0,0,0,1,1,0,0,0,0,1,0,1,0,1,0,0,0,1,0,1,0,0,0,1,0,0,0,0,1,0
4,87.46,349.84,1,0,1,1,0,1,0,0,1,1,0,1,0,0,1,0,0,1,0,0,0,1,0,1,0,0,0,0,1,1,0,0,0,0,1,1,0,0,0,0,0,1,0
26,25.33,658.58,0,0,1,0,1,0,1,0,1,0,1,1,0,0,0,0,1,1,0,0,1,0,0,0,0,1,0,1,0,1,0,0,1,0,0,0,1,0,0,1,0,0,1
14,91.86,1286.04,1,1,0,1,0,1,0,0,1,0,1,0,0,1,0,0,1,1,0,0,0,0,1,1,0,0,0,0,1,1,0,0,0,0,1,0,1,0,0,0,1,0,1
36,87.83,3161.88,0,0,1,1,0,0,1,1,0,0,1,0,0,1,0,1,0,1,0,0,0,1,0,0,0,1,0,1,0,1,0,0,0,0,1,0,1,0,0,0,1,0,0
33,101.2,3339.6,1,0,1,1,0,1,0,1,0,0,1,1,0,0,0,0,1,1,0,0,0,1,0,0,0,1,0,0,1,0,1,0,0,0,1,0,1,0,0,1,0,0,1
27,35.32,953.64,1,0,1,0,1,1,0,0,1,0,1,0,1,0,0,0,1,1,0,0,0,0,1,0,1,0,0,0,1,0,1,0,0,1,0,0,1,0,1,0,0,0,1
33,101.2,3339.6,1,0,1,1,0,1,0,1,0,0,1,1,0,0,0,0,1,1,0,0,0,1,0,0,0,1,0,0,1,0,1,0,0,0,1,0,1,0,0,1,0,0,0
64,36.91,2362.24,0,0,1,0,1,1,0,0,1,0,1,1,0,0,0,0,1,0,1,0,1,0,0,0,0,1,0,0,1,1,0,0,0,1,0,0,1,0,1,0,0,0,1
15,36.69,550.35,0,0,1,1,0,0,1,1,0,1,0,0,1,0,0,0,1,0,1,0,0,1,0,0,0,1,1,0,0,1,0,0,0,0,1,0,0,1,1,0,0,0,1
72,108.27,7795.44,0,0,1,0,1,0,1,1,0,0,1,0,1,0,0,1,0,0,0,1,1,0,0,0,0,1,0,0,1,0,1,0,1,0,0,1,0,0,0,0,0,1,0
45,79.23,3565.35,1,0,1,1,0,0,1,0,1,0,1,0,1,0,0,0,1,0,0,1,0,0,1,0,1,0,1,0,0,1,0,0,0,0,1,0,0,1,0,0,1,0,1
12,34.86,418.32,0,1,0,1,0,0,1,0,1,1,0,1,0,0,0,0,1,1,0,0,1,0,0,0,1,0,0,1,0,0,1,0,1,0,0,1,0,0,0,0,0,1,0
57,112.63,6419.91,1,0,1,1,0,0,1,0,1,1,0,0,1,0,0,0,1,0,1,0,0,0,1,1,0,0,1,0,0,0,0,1,1,0,0,1,0,0,1,0,0,0,0
56,18.78,1051.68,0,1,0,1,0,1,0,1,0,0,1,1,0,0,0,0,1,0,0,1,0,1,0,0,0,1,0,0,1,0,0,1,0,0,1,0,0,1,0,0,0,1,0
47,70.66,3321.02,1,1,0,1,0,0,1,1,0,0,1,0,0,1,0,0,1,0,1,0,1,0,0,0,0,1,0,0,1,0,0,1,0,1,0,1,0,0,1,0,0,0,0
52,66.89,3478.28,1,0,1,0,1,0,1,0,1,0,1,0,1,0,1,0,0,0,0,1,1,0,0,1,0,0,0,0,1,1,0,0,0,0,1,0,0,1,0,0,0,1,0
14,55.55,777.7,0,1,0,1,0,1,0,1,0,1,0,0,1,0,0,0,1,1,0,0,0,1,0,0,0,1,1,0,0,1,0,0,0,0,1,0,0,1,1,0,0,0,1
8,102.46,819.68,1,1,0,0,1,1,0,0,1,0,1,1,0,0,1,0,0,1,0,0,0,0,1,0,0,1,0,1,0,0,1,0,1,0,0,0,1,0,0,1,0,0,0
31,60.95,1889.45,0,0,1,1,0,1,0,0,1,0,1,0,1,0,0,0,1,0,0,1,1,0,0,0,0,1,0,0,1,1,0,0,0,0,1,0,1,0,1,0,0,0,0
63,76.21,4801.23,1,0,1,0,1,1,0,1,0,0,1,0,0,1,0,0,1,0,1,0,1,0,0,1,0,0,1,0,0,1,0,0,0,1,0,0,0,1,0,0,1,0,0
40,53.87,2154.8,1,1,0,0,1,1,0,1,0,1,0,0,0,1,0,1,0,0,1,0,1,0,0,1,0,0,1,0,0,0,1,0,0,1,0,0,0,1,1,0,0,0,1
1,39.8,39.8,1,0,1,0,1,1,0,1,0,1,0,1,0,0,1,0,0,1,0,0,1,0,0,0,1,0,0,0,1,0,1,0,0,0,1,1,0,0,0,1,0,0,1
38,43.21,1641.98,1,0,1,1,0,1,0,0,1,1,0,0,0,1,1,0,0,0,1,0,0,0,1,0,1,0,0,1,0,1,0,0,0,0,1,1,0,0,1,0,0,0,1
62,65.88,4084.56,1,1,0,0,1,1,0,0,1,1,0,1,0,0,0,1,0,1,0,0,1,0,0,0,1,0,1,0,0,0,0,1,0,1,0,0,1,0,0,0,1,0,1
13,57.55,748.15,1,0,1,0,1,0,1,1,0,1,0,0,1,0,0,1,0,1,0,0,0,0,1,1,0,0,0,1,0,0,0,1,0,1,0,1,0,0,1,0,0,0,0
60,60.39,3623.4,1,1,0,1,0,0,1,0,1,0,1,0,0,1,0,0,1,0,0,1,0,0,1,0,0,1,1,0,0,0,0,1,0,1,0,0,0,1,0,1,0,0,0
56,102.52,5741.12,0,1,0,0,1,1,0,0,1,1,0,1,0,0,0,1,0,0,0,1,1,0,0,0,0,1,0,1,0,1,0,0,1,0,0,0,1,0,1,0,0,0,0
62,59.65,3698.3,1,0,1,1,0,0,1,1,0,0,1,0,0,1,0,1,0,0,0,1,1,0,0,1,0,0,0,1,0,1,0,0,0,1,0,0,0,1,0,0,0,1,0
5,45.47,227.35,1,0,1,1,0,0,1,1,0,1,0,0,0,1,0,0,1,1,0,0,1,0,0,0,1,0,0,0,1,1,0,0,0,1,0,1,0,0,0,1,0,0,0
44,79.61,3502.84,1,1,0,0,1,0,1,1,0,0,1,0,0,1,1,0,0,0,0,1,0,0,1,0,0,1,0,0,1,1,0,0,1,0,0,0,0,1,0,0,0,1,0
56,25.13,1407.28,0,1,0,0,1,0,1,0,1,1,0,0,0,1,0,0,1,0,0,1,0,0,1,0,1,0,1,0,0,0,0,1,0,1,0,0,1,0,0,1,0,0,0
36,38.38,1381.68,0,0,1,1,0,0,1,0,1,1,0,1,0,0,1,0,0,0,0,1,0,0,1,1,0,0,0,1,0,1,0,0,1,0,0,1,0,0,0,1,0,0,1
31,60.95,1889.45,0,0,1,1,0,1,0,0,1,0,1,0,1,0,0,0,1,0,0,1,1,0,0,0,0,1,0,0,1,1,0,0,0,0,1,0,1,0,1,0,0,0,1
1,82.21,82.21,0,1,0,0,1,1,0,1,0,1,0,1,0,0,0,1,0,0,1,0,0,0,1,0,0,1,0,1,0,0,0,1,1,0,0,0,0,1,0,0,1,0,0
67,67.61,4529.87,0,0,1,0,1,0,1,0,1,0,1,0,0,1,0,1,0,0,0,1,0,1,0,1,0,0,0,1,0,1,0,0,0,0,1,1,0,0,0,0,0,1,1
70,72.07,5044.9,1,0,1,1,0,0,1,1,0,0,1,0,1,0,0,0,1,0,1,0,0,0,1,0,1,0,1,0,0,1,0,0,0,1,0,0,1,0,0,1,0,0,1
6,94.5,567.0,1,1,0,1,0,1,0,0,1,0,1,1,0,0,0,1,0,0,1,0,0,0,1,0,0,1,1,0,0,0,0,1,0,0,1,1,0,0,0,0,1,0,0
48,100.96,4846.08,0,1,0,0,1,1,0,0,1,0,1,0,1,0,0,1,0,1,0,0,1,0,0,0,0,1,0,0,1,1,0,0,0,0,1,0,0,1,0,1,0,0,1
25,48.51,1212.75,0,1,0,0,1,0,1,1,0,0,1,0,1,0,0,0,1,0,1,0,0,0,1,0,1,0,1,0,0,1,0,0,0,1,0,1,0,0,0,0,1,0,0
27,61.81,1668.87,1,0,1,1,0,1,0,0,1,1,0,0,1,0,0,1,0,0,1,0,1,0,0,0,1,0,0,0,1,0,1,0,1,0,0,1,0,0,1,0,0,0,0
34,106.61,3624.74,0,1,0,1,0,0,1,1,0,0,1,0,1,0,1,0,0,0,1,0,1,0,0,0,0,1,0,1,0,1,0,0,0,1,0,0,0,1,0,0,0,1,0
51,67.0,3417.0,1,1,0,0,1,1,0,1,0,0,1,1,0,0,0,0,1,1,0,0,0,0,1,0,0,1,1,0,0,0,0,1,0,1,0,1,0,0,0,0,0,1,1
64,32.61,2087.04,0,1,0,1,0,0,1,0,1,1,0,0,1,0,0,1,0,1,0,0,0,1,0,1,0,0,0,1,0,0,1,0,1,0,0,0,1,0,0,0,1,0,0
3,34.91,104.73,1,0,1,1,0,0,1,0,1,0,1,1,0,0,1,0,0,0,0,1,0,0,1,1,0,0,1,0,0,0,0,1,0,1,0,0,1,0,0,1,0,0,1
26,74.6,1939.6,0,0,1,1,0,0,1,1,0,0,1,0,0,1,1,0,0,1,0,0,1,0,0,0,0,1,1,0,0,0,0,1,1,0,0,0,0,1,0,0,1,0,0
22,92.49,2034.78,1,0,1,1,0,0,1,0,1,1,0,1,0,0,0,0,1,0,1,0,0,1,0,0,0,1,1,0,0,0,1,0,0,0,1,1,0,0,0,0,1,0,1
17,106.95,1818.15,0,1,0,0,1,0,1,0,1,0,1,0,0,1,0,1,0,0,1,0,1,0,0,0,0,1,0,0,1,0,0,1,1,0,0,1,0,0,0,1,0,0,0
17,62.86,1068.62,1,0,1,0,1,1,0,0,1,0,1,1,0,0,1,0,0,0,1,0,0,1,0,0,1,0,0,1,0,0,1,0,1,0,0,0,1,0,0,0,1,0,0
3,97.38,292.14,1,0,1,1,0,0,1,0,1,1,0,0,1,0,0,0,1,0,0,1,0,1,0,0,0,1,1,0,0,0,1,0,0,0,1,0,0,1,1,0,0,0,0
68,96.84,6585.12,1,0,1,0,1,0,1,1,0,1,0,1,0,0,0,1,0,0,1,0,0,0,1,0,0,1,1,0,0,0,1,0,0,1,0,1,0,0,1,0,0,0,0
27,53.48,1443.96,0,0,1,0,1,1,0,0,1,0,1,0,0,1,1,0,0,0,0,1,0,1,0,0,0,1,1,0,0,0,1,0,1,0,0,1,0,0,0,0,0,1,1
4,54.12,216.48,1,1,0,1,0,0,1,0,1,1,0,0,1,0,0,0,1,0,0,1,1,0,0,0,1,0,1,0,0,0,0,1,0,1,0,1,0,0,0,0,0,1,0
46,98.27,4520.42,1,0,1,1,0,1,0,1,0,1,0,0,1,0,1,0,0,0,0,1,0,1,0,1,0,0,0,1,0,1,0,0,1,0,0,0,0,1,0,0,1,0,1
15,61.36,920.4,0,1,0,0,1,0,1,0,1,1,0,0,1,0,1,0,0,0,0,1,0,0,1,0,1,0,0,0,1,1,0,0,1,0,0,0,1,0,0,0,1,0,1
52,108.8,5657.6,0,1,0,1,0,1,0,1,0,1,0,0,1,0,1,0,0,1,0,0,0,0,1,1,0,0,0,0,1,0,1,0,0,1,0,0,0,1,1,0,0,0,0
29,95.28,2763.12,1,0,1,0,1,0,1,1,0,0,1,1,0,0,1,0,0,0,0,1,0,1,0,0,1,0,0,0,1,1,0,0,0,1,0,0,1,0,0,0,0,1,1
55,49.18,2704.9,0,1,0,1,0,1,0,1,0,0,1,0,1,0,0,0,1,0,0,1,0,0,1,0,0,1,0,0,1,1,0,0,0,0,1,0,1,0,0,1,0,0,1
14,45.27,633.78,0,0,1,1,0,1,0,0,1,0,1,0,1,0,0,1,0,1,0,0,0,1,0,0,0,1,1,0,0,1,0,0,1,0,0,0,0,1,0,0,1,0,1
6,94.5,567.0,1,1,0,1,0,1,0,0,1,0,1,1,0,0,0,1,0,0,1,0,0,0,1,0,0,1,1,0,0,0,0,1,0,0,1,1,0,0,0,0,1,0,1
26,72.95,1896.7,1,1,0,1,0,0,1,0,1,1,0,0,1,0,1,0,0,1,0,0,1,0,0,0,1,0,0,1,0,0,1,0,0,0,1,0,0,1,0,1,0,0,1
11,56.72,623.92,0,0,1,0,1,1,0,1,0,0,1,0,0,1,0,1,0,1,0,0,0,1,0,0,1,0,0,1,0,0,1,0,1,0,0,1,0,0,0,0,1,0,0
43,74.26,3193.18,0,0,1,1,0,0,1,0,1,1,0,0,1,0,1,0,0,0,1,0,0,0,1,0,1,0,0,0,1,0,1,0,0,0,1,0,1,0,1,0,0,0,0
26,37.12,965.12,1,0,1,1,0,0,1,0,1,1,0,0,0,1,1,0,0,0,1,0,1,0,0,1,0,0,0,0,1,1,0,0,0,0,1,0,1,0,0,1,0,0,0
8,95.08,760.64,0,1,0,0,1,0,1,0,1,1,0,0,1,0,0,1,0,1,0,0,0,0,1,1,0,0,1,0,0,1,0,0,0,1,0,1,0,0,0,1,0,0,1
39,83.51,3256.89,0,1,0,1,0,1,0,0,1,1,0,0,1,0,0,0,1,1,0,0,1,0,0,0,1,0,1,0,0,0,1,0,1,0,0,1,0,0,0,0,1,0,1
6,73.86,443.16,0,0,1,0,1,1,0,0,1,0,1,0,0,1,0,1,0,1,0,0,0,1,0,0,1,0,0,0,1,0,0,1,1,0,0,0,1,0,1,0,0,0,1
27,61.81,1668.87,1,0,1,1,0,1,0,0,1,1,0,0,1,0,0,1,0,0,1,0,1,0,0,0,1,0,0,0,1,0,1,0,1,0,0,1,0,0,1,0,0,0,1
17,62.86,1068.62,1,0,1,0,1,1,0,0,1,0,1,1,0,0,1,0,0,0,1,0,0,1,0,0,1,0,0,1,0,0,1,0,1,0,0,0,1,0,0,0,1,0,1
60,90.25,5415.0,0,1,0,0,1,1,0,0,1,0,1,0,1,0,0,0,1,0,1,0,1,0,0,0,0,1,1,0,0,1,0,0,0,1,0,1,0,0,1,0,0,0,0
62,101.52,6294.24,1,1,0,0,1,1,0,1,0,0,1,0,0,1,1,0,0,0,0,1,1,0,0,1,0,0,0,0,1,0,1,0,1,0,0,0,1,0,0,0,1,0,0
41,44.4,1820.4,0,0,1,1,0,1,0,0,1,0,1,0,1,0,1,0,0,0,1,0,0,1,0,0,0,1,0,0,1,0,1,0,1,0,0,1,0,0,1,0,0,0,1
70,38.7,2709.0,0,0,1,0,1,1,0,1,0,1,0,1,0,0,1,0,0,1,0,0,0,0,1,1,0,0,0,1,0,1,0,0,0,0,1,0,0,1,0,0,1,0,0
51,108.88,5552.88,1,1,0,0,1,0,1,0,1,0,1,0,0,1,0,0,1,0,1,0,0,0,1,0,1,0,0,1,0,0,1,0,1,0,0,0,0,1,0,0,0,1,0
63,50.86,3204.18,1,0,1,0,1,1,0,0,1,1,0,0,0,1,0,1,0,0,0,1,0,0,1,1,0,0,1,0,0,0,0,1,0,1,0,1,0,0,0,0,1,0,1
63,99.16,6247.08,0,1,0,1,0,1,0,1,0,0,1,0,0,1,0,1,0,0,0,1,0,0,1,0,0,1,0,1,0,1,0,0,0,0,1,0,0,1,0,1,0,0,1
71,93.44,6634.24,1,0,1,0,1,0,1,0,1,1,0,0,0,1,0,1,0,0,0,1,1,0,0,0,0,1,0,0,1,0,0,1,1,0,0,1,0,0,0,1,0,0,1
33,25.16,830.28,0,0,1,0,1,1,0,0,1,0,1,1,0,0,1,0,0,1,0,0,0,1,0,0,0,1,0,0,1,0,1,0,1,0,0,1,0,0,1,0,0,0,1
59,85.0,5015.0,1,0,1,1,0,0,1,0,1,1,0,0,0,1,0,1,0,1,0,0,0,0,1,0,0,1,1,0,0,0,1,0,0,1,0,0,0,1,1,0,0,0,0
5,27.43,137.15,0,0,1,0,1,0,1,1,0,0,1,0,0,1,0,0,1,1,0,0,0,0,1,1,0,0,1,0,0,1,0,0,0,1,0,1,0,0,0,1,0,0,0
47,44.85,2107.95,1,0,1,0,1,1,0,1,0,0,1,1,0,0,0,1,0,0,1,0,0,0,1,0,0,1,0,1,0,0,1,0,0,1,0,0,0,1,0,0,1,0,1
24,97.57,2341.68,1,1,0,1,0,1,0,0,1,1,0,0,0,1,0,1,0,0,0,1,0,1,0,0,1,0,1,0,0,0,0,1,0,1,0,0,0,1,0,0,1,0,0
9,71.77,645.93,1,0,1,0,1,0,1,1,0,1,0,0,1,0,0,1,0,1,0,0,1,0,0,0,0,1,0,0,1,1,0,0,0,1,0,0,1,0,0,1,0,0,0
23,100.84,2319.32,1,1,0,0,1,1,0,0,1,1,0,1,0,0,1,0,0,0,0,1,1,0,0,1,0,0,0,0,1,0,0,1,0,1,0,0,0,1,0,0,1,0,0
57,112.35,6403.95,1,1,0,0,1,0,1,1,0,0,1,0,0,1,1,0,0,0,0,1,1,0,0,0,0,1,1,0,0,0,1,0,1,0,0,0,0,1,0,0,1,0,1
44,101.14,4450.16,0,1,0,0,1,0,1,1,0,1,0,0,0,1,0,1,0,1,0,0,0,1,0,1,0,0,0,0,1,0,0,1,1,0,0,0,0,1,0,1,0,0,0
56,106.86,5984.16,0,0,1,0,1,0,1,1,0,1,0,1,0,0,1,0,0,0,0,1,1,0,0,1,0,0,1,0,0,0,1,0,0,1,0,1,0,0,0,0,0,1,1
52,96.44,5014.88,0,0,1,1,0,1,0,1,0,0,1,0,0,1,0,1,0,0,1,0,0,0,1,0,0,1,1,0,0,0,0,1,0,1,0,0,0,1,0,0,0,1,0
40,88.06,3522.4,1,0,1,0,1,1,0,0,1,1,0,0,0,1,0,0,1,0,1,0,1,0,0,0,1,0,0,0,1,0,1,0,1,0,0,1,0,0,0,0,1,0,0
72,115.54,8318.88,1,0,1,0,1,0,1,0,1,1,0,0,0,1,0,1,0,0,1,0,0,1,0,1,0,0,0,1,0,0,0,1,0,0,1,1,0,0,0,1,0,0,1
62,81.41,5047.42,0,1,0,1,0,0,1,0,1,1,0,1,0,0,0,1,0,0,1,0,1,0,0,1,0,0,0,0,1,1,0,0,0,1,0,1,0,0,0,0,0,1,1
38,109.53,4162.14,0,1,0,0,1,0,1,1,0,1,0,1,0,0,0,1,0,0,0,1,0,0,1,1,0,0,0,0,1,1,0,0,0,1,0,0,1,0,0,0,0,1,1
4,57.72,230.88,0,1,0,1,0,1,0,1,0,0,1,1,0,0,1,0,0,1,0,0,1,0,0,0,1,0,0,1,0,0,0,1,1,0,0,0,0,1,1,0,0,0,1
20,104.48,2089.6,1,1,0,0,1,1,0,0,1,0,1,1,0,0,0,1,0,0,1,0,1,0,0,0,1,0,0,1,0,0,1,0,1,0,0,0,1,0,1,0,0,0,1
51,85.27,4348.77,0,0,1,1,0,0,1,0,1,1,0,0,1,0,0,1,0,0,0,1,1,0,0,0,0,1,0,0,1,1,0,0,1,0,0,0,1,0,1,0,0,0,0
13,20.5,266.5,1,1,0,0,1,0,1,0,1,1,0,0,0,1,1,0,0,0,1,0,0,1,0,0,0,1,1,0,0,0,1,0,0,0,1,1,0,0,0,0,1,0,1
15,99.1,1486.5,0,0,1,1,0,1,0,0,1,1,0,0,0,1,0,0,1,1,0,0,0,0,1,0,0,1,0,1,0,0,0,1,0,0,1,0,0,1,0,0,1,0,1
55,37.44,2059.2,1,0,1,0,1,0,1,1,0,0,1,0,1,0,0,1,0,0,0,1,0,1,0,1,0,0,1,0,0,0,1,0,0,1,0,0,0,1,1,0,0,0,0
23,83.99,1931.77,0,0,1,0,1,1,0,0,1,1,0,0,1,0,0,0,1,1,0,0,1,0,0,1,0,0,0,1,0,0,1,0,0,0,1,0,1,0,0,0,1,0,1
42,43.7,1835.4,1,1,0,0,1,0,1,0,1,0,1,0,0,1,0,0,1,0,0,1,0,0,1,0,1,0,0,0,1,0,1,0,1,0,0,0,0,1,0,0,0,1,0
